INSERT INTO [Photo] ([PhotoId],[Name],[Date],[Url],[GalleryGaleryId],[ProductCategoryId],[ProductId],[ProductSubcategoryId]) VALUES ('39515e16-be5f-4235-afb0-915600ef0d3e',N'Фото1',GETDATE(),'https://52.img.avito.st/image/1/KWtnXLa3hYJx_D-COQw2cPn_hYTF_4WEopw',null,null,null,null);
INSERT INTO [Photo] ([PhotoId],[Name],[Date],[Url],[GalleryGaleryId],[ProductCategoryId],[ProductId],[ProductSubcategoryId]) VALUES ('ee432414-8c45-459a-a8c7-7e0c25f99323',N'Фото2',GETDATE(),'http://izkis.su/_nw/76/41636940.jpg',null,null,null,null);
INSERT INTO [Photo] ([PhotoId],[Name],[Date],[Url],[GalleryGaleryId],[ProductCategoryId],[ProductId],[ProductSubcategoryId]) VALUES ('eab7ec4d-6c4c-4f1a-9616-e730c4f76d89',N'Фото3',GETDATE(),'https://bee-garden.ru/wp-content/uploads/rannyaya-yablonya_41.jpg',null,null,null,null);
INSERT INTO [Photo] ([PhotoId],[Name],[Date],[Url],[GalleryGaleryId],[ProductCategoryId],[ProductId],[ProductSubcategoryId]) VALUES ('91c5ec00-854e-4c41-a243-6b3715a16b19',N'Фото4',GETDATE(),'http://zelionii-dvorik.ru/images/grusha/5.jpg',null,null,null,null);
INSERT INTO [Photo] ([PhotoId],[Name],[Date],[Url],[GalleryGaleryId],[ProductCategoryId],[ProductId],[ProductSubcategoryId]) VALUES ('febb8424-1581-4593-8483-c969972d3388',N'Фото5',GETDATE(),'https://st4.depositphotos.com/15830260/19738/i/450/depositphotos_197388054-stock-photo-fresh-summer-vegetables-wooden-box.jpg',null,null,null,null);
INSERT INTO [Photo] ([PhotoId],[Name],[Date],[Url],[GalleryGaleryId],[ProductCategoryId],[ProductId],[ProductSubcategoryId]) VALUES ('343bb0ff-a205-4911-b8f9-ff40b1b2345c',N'Фото6',GETDATE(),'http://evg-crystal.ru/800/600/https/st.depositphotos.com/1007899/4712/i/450/depositphotos_47124879-stock-photo-abstract-background-of-flowers.jpg',null,null,null,null);
INSERT INTO [Photo] ([PhotoId],[Name],[Date],[Url],[GalleryGaleryId],[ProductCategoryId],[ProductId],[ProductSubcategoryId]) VALUES ('ef980bb0-5a05-4269-948e-5a179127da64',N'Фото7',GETDATE(),'https://st2.depositphotos.com/1309383/7995/i/450/depositphotos_79958726-stock-photo-greens-spicy-herbs-and-garlic.jpg',null,null,null,null);
																																	 

INSERT INTO [Category] ([CategoryId],[Alias],[PhotoId]) VALUES (N'плодово-ягодные-деревья-и-кустарники', N'Плодово-ягодные деревья и кустарники', '39515e16-be5f-4235-afb0-915600ef0d3e');
INSERT INTO [Category] ([CategoryId],[Alias],[PhotoId]) VALUES (N'семена-растений', N'Семена растений', 'ee432414-8c45-459a-a8c7-7e0c25f99323');


INSERT INTO [Subcategory] ([SubcategoryId],[CategoryId],[Alias],[PhotoId]) VALUES (N'яблони',N'плодово-ягодные-деревья-и-кустарники',N'Яблони', 'eab7ec4d-6c4c-4f1a-9616-e730c4f76d89');
INSERT INTO [Subcategory] ([SubcategoryId],[CategoryId],[Alias],[PhotoId]) VALUES (N'груши',N'плодово-ягодные-деревья-и-кустарники',N'Груши', '91c5ec00-854e-4c41-a243-6b3715a16b19');
INSERT INTO [Subcategory] ([SubcategoryId],[CategoryId],[Alias],[PhotoId]) VALUES (N'овощи',N'семена-растений',N'Овощи','febb8424-1581-4593-8483-c969972d3388');
INSERT INTO [Subcategory] ([SubcategoryId],[CategoryId],[Alias],[PhotoId]) VALUES (N'цветы',N'семена-растений',N'Цветы','343bb0ff-a205-4911-b8f9-ff40b1b2345c');
INSERT INTO [Subcategory] ([SubcategoryId],[CategoryId],[Alias],[PhotoId]) VALUES (N'пряные-травы',N'семена-растений',N'Пряные травы', 'ef980bb0-5a05-4269-948e-5a179127da64');


INSERT INTO [Product] ([ProductId],[SubcategoryId],[CategoryId],[Alias],[Price],[Descriprion]) VALUES (N'штрифель',N'яблони',N'плодово-ягодные-деревья-и-кустарники',N'Штрифель',400,N'Штрейфлинг — старинный осенний сорт яблони родом из Прибалтики, полученный через естественное (природное) опыление. Другие названия сорта — Штрифель, Осеннее полосатое, Старостино, Лифляндское Графенштейнское, Обрезковое.')
INSERT INTO [Product] ([ProductId],[SubcategoryId],[CategoryId],[Alias],[Price],[Descriprion]) VALUES (N'антоновка',N'яблони',N'плодово-ягодные-деревья-и-кустарники',N'Антоновка',400,N'Антоновка – главный сорт яблонь в России. Неприхотливое и высокоплодородное дерево существует в зоне рискованного земледелия давно. В ее историю вложили силы не столько квалифицированные селекционеры, сколько неустанные и неугомонные любители — садоводы. ');
INSERT INTO [Product] ([ProductId],[SubcategoryId],[CategoryId],[Alias],[Price],[Descriprion]) VALUES (N'мраморная',N'груши',N'плодово-ягодные-деревья-и-кустарники',N'Мраморная',500,N'Вкусная груша, что можно скушать.');
INSERT INTO [Product] ([ProductId],[SubcategoryId],[CategoryId],[Alias],[Price],[Descriprion]) VALUES (N'дюймовочка',N'груши',N'плодово-ягодные-деревья-и-кустарники',N'Дюймовочка',400,N'Осенний сорт селекции ВСТИСП, полученный от опыления межвидового гибрида №9 смесью пыльцы южных сортов. Авторы: Ю. А. Петров, Н. В. Ефимова. Распространен в приусадебных садах Московской и соседних областей. Районирован в Центральном регионе.');
INSERT INTO [Product] ([ProductId],[SubcategoryId],[CategoryId],[Alias],[Price],[Descriprion]) VALUES (N'баклажан-принц',N'овощи',N'семена-растений',N'Баклажан Принц',20,N'Раннеспелый (95-104 дня) сорт для открытого грунта и пленочных укрытий. Растение компактное, высотой 60-75 см. Плоды цилиндрические, черно-фиолетовые, длиной 20-30 см, массой 150-200 г. Мякоть белая, нежная, вкусная, без горечи. Урожайность 5,7-6 кг/кв.м.')
INSERT INTO [Product] ([ProductId],[SubcategoryId],[CategoryId],[Alias],[Price],[Descriprion]) VALUES (N'горох-русский-размер',N'овощи',N'семена-растений',N'Горох Русский Размер',30, N'Горох Русский Размер - любимое лакомство детворы и всех взрослых! Наш любимый сорт порадует  вас своим невиданным размером плодов и исключительным вкусом. Крупные, не менее 1 см в диаметре, горошины так и хочется быстрее сорвать с грядки и съесть! Вкус нежный и сладкий, они хороши в свежем виде, а также пригодны для замораживания и консервирования. Сорт позднеспелый, урожайный и неприхотливый. Обязателен для каждого огорода!');
INSERT INTO [Product] ([ProductId],[SubcategoryId],[CategoryId],[Alias],[Price],[Descriprion]) VALUES (N'астра-розовый-ежик',N'цветы',N'семена-растений',N'Астра Розовый ежик',20, N'Астра Розовый Ежик – новый сорт, по степени махровости и плотности соцветий не уступающий, а даже превосходящий прочие известные сорта астр! Диаметр цветков 13 см, на каждом кусте формируется до 12 соцветий. Цвет – нежно-розовый, с жёлтой серединкой и белыми краешками лепестков. Идеальные свойства формы: астра не деформируется, если её положить на плоскую поверхность, а также долго стоит в букете (до 2-х недель в вазах). ');
INSERT INTO [Product] ([ProductId],[SubcategoryId],[CategoryId],[Alias],[Price],[Descriprion]) VALUES (N'венидиум-принц-зулу',N'цветы',N'семена-растений',N'Венидиум Принц зулу',20,N'Сорт с крупными, до 10 см в диаметре соцветиями на длинных цветоносах. Растение кустистое, раскидистое. Отличная срезка - цветки долго сохраняют свежесть в букете.');
INSERT INTO [Product] ([ProductId],[SubcategoryId],[CategoryId],[Alias],[Price],[Descriprion]) VALUES (N'базилик-арарат',N'пряные-травы',N'семена-растений',N'Базилик Арарат',15,N'Среднеспелый сорт. Период от полных всходов до начала цветения 71 день. Растение прямостоячее, полураскидистое, высотой до 60 см. Масса одного растения 25-35 г.');
INSERT INTO [Product] ([ProductId],[SubcategoryId],[CategoryId],[Alias],[Price],[Descriprion]) VALUES (N'укроп-аллигатор',N'пряные-травы',N'семена-растений',N'Укроп Аллигатор',15,N'Среднепоздний сорт кустовой формы. Период от всходов до уборки на зелень около 45 дней, на специи - до 115 дней. Долго не выпускает зонтик, возможен многократный сбор зелени. ');


INSERT INTO [Photo] ([PhotoId],[Name],[Date],[Url],[GalleryGaleryId],[ProductId],[ProductSubcategoryId],[ProductCategoryId]) VALUES ('0cc3dbee-f621-4154-a335-62cc6c0fb714',N'Фото11',GETDATE(),'https://marusin-sad.com/img/work/nomencl/m_8620.jpg',null,N'штрифель',N'яблони',N'плодово-ягодные-деревья-и-кустарники');
INSERT INTO [Photo] ([PhotoId],[Name],[Date],[Url],[GalleryGaleryId],[ProductId],[ProductSubcategoryId],[ProductCategoryId]) VALUES ('c4a22822-8ea8-4571-a516-02020b3ca897',N'Фото12',GETDATE(),'https://st4.depositphotos.com/3047333/21122/i/450/depositphotos_211227858-stock-photo-ripe-apples-antonovka-branch-orchard.jpg',null, N'антоновка',N'яблони',N'плодово-ягодные-деревья-и-кустарники');
INSERT INTO [Photo] ([PhotoId],[Name],[Date],[Url],[GalleryGaleryId],[ProductId],[ProductSubcategoryId],[ProductCategoryId]) VALUES ('158540c4-b728-45fe-ab68-eb5ab31a2d0e',N'Фото13',GETDATE(),'https://agroeda.ru/images/grusharusskayakrasavitsakrasavitsacherne_18EBBB33.jpg',null, N'мраморная',N'груши',N'плодово-ягодные-деревья-и-кустарники');
INSERT INTO [Photo] ([PhotoId],[Name],[Date],[Url],[GalleryGaleryId],[ProductId],[ProductSubcategoryId],[ProductCategoryId]) VALUES ('eaf68000-efd7-432e-a11a-24c0d4c5c94f',N'Фото14',GETDATE(),'https://www.7mednews.ru/uploads/posts/2017-09/thumbs/1504731255_982_kas-lacitim-vedera-20-1-.png',null,	N'дюймовочка',N'груши',N'плодово-ягодные-деревья-и-кустарники');
INSERT INTO [Photo] ([PhotoId],[Name],[Date],[Url],[GalleryGaleryId],[ProductId],[ProductSubcategoryId],[ProductCategoryId]) VALUES ('31106fb6-d950-401a-84ff-6d01f94a63c2',N'Фото15',GETDATE(),'https://kinderbooks.ru/800/600/https/static6.depositphotos.com/1066961/553/i/450/depositphotos_5533143-stock-photo-eggplant.jpg',null, N'баклажан-принц',N'овощи',N'семена-растений');
INSERT INTO [Photo] ([PhotoId],[Name],[Date],[Url],[GalleryGaleryId],[ProductId],[ProductSubcategoryId],[ProductCategoryId]) VALUES ('38e3d8d3-7e28-41fa-9196-dfc8f3d7d441',N'Фото16',GETDATE(),'http://cdn01.ru/files/users/images/a2/57/a257c66ab2be07eddd1c3ab32f8b0543.jpg',null, N'горох-русский-размер',N'овощи',N'семена-растений');
INSERT INTO [Photo] ([PhotoId],[Name],[Date],[Url],[GalleryGaleryId],[ProductId],[ProductSubcategoryId],[ProductCategoryId]) VALUES ('c211c549-96df-4bab-b2b4-ccf034d94fce',N'Фото17',GETDATE(),'https://www.ncsemena.ru/upload/resize_cache/iblock/b23/700_700_19e1e1330e03eea9fa4398f5fd9101034/b233d8643fad1b893e1104f459032815.jpeg',null,N'астра-розовый-ежик',N'цветы',N'семена-растений');
INSERT INTO [Photo] ([PhotoId],[Name],[Date],[Url],[GalleryGaleryId],[ProductId],[ProductSubcategoryId],[ProductCategoryId]) VALUES ('ae79fcce-2a3f-44e0-9152-e412c45242fe',N'Фото16',GETDATE(),'https://images-na.ssl-images-amazon.com/images/I/518A4BNCAlL._SX450_.jpg',null,N'венидиум-принц-зулу',N'цветы',N'семена-растений');
INSERT INTO [Photo] ([PhotoId],[Name],[Date],[Url],[GalleryGaleryId],[ProductId],[ProductSubcategoryId],[ProductCategoryId]) VALUES ('563e24e3-35d3-4002-91bc-8efa1d69cc84',N'Фото17',GETDATE(),'https://roza-zanoza.ru/images/bazilikpolezniesvoystvaivredprimeneniepo_7CD4E7D8.jpg',null,N'базилик-арарат',N'пряные-травы',N'семена-растений');
INSERT INTO [Photo] ([PhotoId],[Name],[Date],[Url],[GalleryGaleryId],[ProductId],[ProductSubcategoryId],[ProductCategoryId]) VALUES ('d5dfc827-8717-4a53-8170-2de729306608',N'Фото16',GETDATE(),'https://www.7mednews.ru/uploads/posts/2014-04/1396451560_77777777777777777.jpg',null,N'укроп-аллигатор',N'пряные-травы',N'семена-растений');